customer_id,age,income,plan,monthly_spend,sessions_per_week,churn_risk,satisfaction_score,referrals,region
191.0,33.0,64176.0,pro,104.52774635857408,6.0,medium,7.4326658842672515,1,EU
321.0,33.0,76268.0,free,34.66799545958551,5.0,low,3.082932344314323,1,US-East
59.0,40.0,118447.0,basic,3.0149286915788487,4.0,low,5.028625452955696,2,US-West
253.0,22.0,36876.0,free,36.519803341356294,13.0,low,,3,US-West
491.0,39.0,85259.0,free,106.2360840677679,7.0,medium,8.137736360744993,2,US-West
116.0,33.0,74961.0,free,70.76921243310386,10.0,medium,10.054228523520068,2,APAC
349.0,31.0,77850.0,basic,32.281054193343365,2.0,medium,8.832179635646819,1,US-West
219.0,30.0,69370.0,pro,6.948420861435885,4.0,low,9.338397935593672,0,US-East
184.0,37.0,67805.0,basic,109.22504851468335,6.0,low,6.775446706301546,0,US-East
404.0,27.0,69052.0,free,45.07373283161231,5.0,low,3.4941400530895765,2,US-East
105.0,45.0,64771.0,free,301.5856250885964,7.0,medium,5.3740258777108965,0,US-West
78.0,32.0,35089.0,enterprise,-9.354431655784811,6.0,medium,9.083562671081237,1,US-West
502.0,33.0,54742.0,free,-14.19508375727321,10.0,medium,5.930767853390872,0,APAC
270.0,25.0,35814.0,pro,-4.729651969671103,4.0,low,5.624859449947211,1,US-West
5.0,43.0,18115.0,pro,294.71377227556326,10.0,high,4.9106160835492725,0,EU
153.0,37.0,63260.0,basic,-18.375455056546947,-1.0,medium,10.90060502913123,1,US-East
212.0,31.0,93256.0,enterprise,44.41629976562491,5.0,medium,6.797040941720599,2,US-East
244.0,42.0,50840.0,basic,110.33909745105427,8.0,low,6.2086380338112495,0,EU
322.0,42.0,89059.0,enterprise,25.29597627538908,5.0,medium,5.578172793348118,0,US-West
118.0,36.0,49528.0,pro,30.139682490764372,6.0,medium,3.5570684438096314,2,US-West
128.0,46.0,56051.0,pro,4.321814967160851,4.0,low,4.4285587375492135,0,US-East
279.0,30.0,64201.0,enterprise,-5.891332717500038,6.0,medium,10.517793803367146,2,US-West
5.0,28.0,36659.0,basic,39.82712191176399,4.0,high,5.171709708226871,2,US-East
431.0,35.0,116410.0,free,-12.212903276757654,4.0,medium,9.350468356589387,1,US-East
235.0,29.0,74244.0,free,43.72675615260933,7.0,low,9.113972617093127,2,LATAM
239.0,36.0,56698.0,basic,-0.06353345452782122,4.0,low,8.083112016822778,0,US-East
159.0,62.0,42647.0,basic,8.96205920014761,9.0,medium,7.617790248707752,3,US-East
247.0,31.0,92193.0,free,-5.975693559097124,9.0,low,6.139086348942884,2,US-East
355.0,31.0,62660.0,enterprise,-25.13133723293495,7.0,low,5.648844715770375,2,EU
380.0,33.0,79965.0,enterprise,9.89144430450268,10.0,low,8.980404400618085,0,US-West
333.0,35.0,54755.0,free,-43.984104110366175,5.0,medium,8.812520321085284,3,LATAM
310.0,40.0,51175.0,enterprise,32.988589649732624,14.0,low,8.78983074907224,2,US-West
147.0,35.0,58026.0,basic,85.7893887283148,1.0,low,8.314454530051332,0,US-East
254.0,22.0,46772.0,free,-18.56459667317134,7.0,high,6.138671353844542,1,US-West
493.0,30.0,45404.0,basic,1.3549493760081042,7.0,low,,3,US-East
253.0,39.0,34824.0,free,25.715148121573,5.0,low,3.807994043733339,2,EU
336.0,37.0,32984.0,free,182.1047557460951,9.0,low,7.1697105348617045,0,US-East
223.0,30.0,33562.0,pro,32.249771292456465,3.0,high,5.889338623729105,0,US-West
274.0,36.0,49867.0,pro,-5.773323601481735,8.0,low,,0,US-West
2.0,29.0,22015.0,free,-32.83437620219587,5.0,medium,7.440604110296707,2,EU
137.0,26.0,88262.0,pro,49.336545757980346,10.0,low,4.382364058263831,3,APAC
242.0,26.0,48795.0,enterprise,16.842398306576275,6.0,low,4.607800064618392,1,US-West
392.0,36.0,84796.0,enterprise,7.5273486829714855,5.0,low,5.8046690261938885,1,US-West
189.0,34.0,80840.0,basic,44.545897798345685,6.0,low,9.39458823512628,1,US-West
320.0,31.0,48734.0,pro,75.33459782831686,10.0,medium,7.4892835453842785,4,US-West
109.0,31.0,56736.0,basic,77.29801922229832,8.0,medium,9.613579449828563,3,EU
141.0,37.0,91950.0,basic,580.4215477254811,9.0,low,7.664989800445667,2,US-East
485.0,49.0,29104.0,free,154.35301295587382,11.0,low,5.876312103847158,0,US-West
305.0,44.0,77521.0,free,264.70458773995534,10.0,low,7.106418227854597,0,US-West
289.0,29.0,46240.0,free,-6.148217622069495,6.0,high,7.209409177998369,2,US-East
343.0,36.0,56203.0,pro,-1.7138849336466038,5.0,low,7.703789014142135,1,US-East
138.0,36.0,69676.0,basic,14.524188488332982,11.0,medium,3.877419017194548,1,US-West
55.0,37.0,57148.0,pro,16.85691910348579,11.0,high,8.470824206106208,0,APAC
318.0,30.0,42598.0,basic,54.539971764220205,7.0,high,7.056135307729617,2,US-East
276.0,29.0,42093.0,free,41.455547107374365,6.0,low,7.5835417608089335,0,EU
288.0,32.0,44276.0,enterprise,161.20231589621403,7.0,low,7.208455075898877,1,US-West
295.0,28.0,60125.0,basic,62.488866250365035,3.0,low,9.753255777743641,1,EU
160.0,39.0,65101.0,basic,59.87139707027878,6.0,low,6.987429849279998,0,US-East
329.0,33.0,29958.0,pro,0.48273691832075016,3.0,high,4.880490944851298,1,APAC
142.0,36.0,31015.0,free,-5.836469387111173,6.0,low,10.759105176282112,3,US-East
234.0,28.0,83536.0,pro,179.0984071468841,8.0,low,7.461725114808423,3,APAC
83.0,33.0,44759.0,free,30.877296882508354,10.0,low,7.366474533668843,2,US-East
335.0,27.0,37255.0,free,-24.18729597137985,7.0,high,3.6312008848871096,1,US-East
267.0,32.0,66839.0,pro,161.2391975693159,2.0,low,6.764358859252197,0,US-East
206.0,32.0,103899.0,free,14.43434257824288,12.0,low,5.364228469557637,0,APAC
182.0,25.0,52742.0,basic,15.593074325531799,8.0,low,8.520863801595745,0,EU
251.0,29.0,82111.0,free,216.05782592891444,9.0,medium,5.854804772429322,2,US-East
316.0,37.0,103195.0,basic,94.49706185046077,5.0,high,4.773760340011279,0,APAC
441.0,27.0,61015.0,free,172.0723628125569,5.0,low,6.498266086064314,1,LATAM
173.0,33.0,54490.0,basic,36.00504133827476,6.0,low,,1,LATAM
353.0,38.0,86228.0,free,279.45484174490616,13.0,medium,7.9280626655152275,2,US-East
257.0,51.0,36693.0,basic,82.61631188633967,7.0,low,8.2065377356642,2,EU
275.0,31.0,27934.0,pro,39.3733945017278,9.0,low,9.227153010370337,0,US-East
193.0,37.0,52825.0,basic,106.14603293529723,7.0,low,7.6885777503583235,0,US-West
209.0,34.0,122725.0,pro,-9.09772082262138,7.0,low,9.275827472536628,2,LATAM
378.0,36.0,72670.0,free,40.24429286673091,11.0,high,8.220920019734159,0,EU
372.0,21.0,43556.0,basic,-4.696267008468151,8.0,high,10.23670116593612,1,EU
257.0,34.0,70487.0,free,66.2118910656586,0.0,high,8.178647837383584,1,LATAM
267.0,45.0,45028.0,pro,-6.870238310341371,7.0,medium,3.534958064078868,0,US-East
251.0,34.0,53837.0,pro,90.85769640067332,9.0,low,4.724974786507175,2,EU
172.0,43.0,38420.0,basic,-4.177314644618387,4.0,low,6.709194901534456,1,US-East
147.0,28.0,56533.0,basic,-3.1523015598147595,0.0,medium,7.068278450512588,1,US-West
220.0,33.0,31843.0,free,3.0034427901724925,3.0,low,7.349925386053097,0,APAC
414.0,33.0,47205.0,basic,274.9554468270583,6.0,low,,2,US-East
122.0,56.0,56758.0,enterprise,46.67258615821283,7.0,low,8.121248109952692,0,US-West
227.0,33.0,51838.0,basic,23.251331434575135,3.0,low,11.12462025536021,0,APAC
242.0,40.0,56463.0,free,30.64731786212796,5.0,low,4.759790693503993,1,US-East
128.0,27.0,65628.0,basic,77.67622851773775,6.0,medium,6.120591196117056,1,LATAM
203.0,30.0,75618.0,free,-12.517164076766136,2.0,medium,,1,EU
120.0,45.0,31961.0,basic,-2.234676447686766,10.0,low,11.12462025536021,0,US-East
239.0,37.0,38493.0,basic,-11.488786504996451,4.0,medium,5.524241129021371,1,EU
285.0,31.0,47920.0,enterprise,126.1373020550098,8.0,low,7.013624096928211,2,US-West
101.0,59.0,29852.0,basic,10.634814898765793,7.0,high,,0,US-East
107.0,29.0,70003.0,pro,157.69206689481584,5.0,medium,7.540928997188683,3,LATAM
46.0,30.0,43389.0,free,33.97560632989012,7.0,medium,10.489071545035456,1,LATAM
78.0,26.0,32461.0,basic,30.51045309974011,1.0,low,5.135828379582116,0,APAC
233.0,48.0,39770.0,basic,681.9993253881827,1.0,medium,10.672122557776335,1,APAC
146.0,36.0,45577.0,basic,109.57552262850719,6.0,medium,8.050438685149377,3,LATAM
360.0,39.0,54739.0,basic,95.11622988259649,3.0,high,10.061919011507744,0,US-East
345.0,52.0,34254.0,pro,18.661046574554007,8.0,medium,5.862400726436963,2,US-East
53.0,37.0,68670.0,free,22.739244530015892,10.0,low,6.154027590455943,1,LATAM
334.0,38.0,41882.0,free,24.42861630039716,9.0,medium,7.53830509527814,1,EU
255.0,41.0,50001.0,free,-17.105883020444715,4.0,low,10.336859999738438,2,US-West
297.0,40.0,81449.0,basic,103.87984482691566,6.0,low,4.308342592872313,1,US-East
301.0,34.0,82952.0,free,47.70523510460065,5.0,low,7.889192143660781,2,US-East
406.0,26.0,125550.0,pro,560.6354098874613,8.0,medium,7.554349111680622,2,EU
351.0,33.0,70075.0,free,-3.44309223344894,4.0,low,8.25740204271821,1,US-East
428.0,33.0,46032.0,enterprise,-20.199094244135942,9.0,medium,7.894837710529977,1,US-West
4.0,28.0,54984.0,enterprise,49.96396510742897,4.0,medium,10.046786842343542,1,US-East
240.0,30.0,103047.0,pro,-12.84892711642317,1.0,high,4.159910940991654,1,EU
240.0,36.0,58754.0,pro,111.66898284133835,8.0,medium,4.214765572035015,1,US-West
172.0,53.0,70095.0,free,33.80170050066577,8.0,low,6.902868750742877,2,US-East
145.0,45.0,56930.0,free,-28.6604777166269,10.0,medium,4.885425185878617,0,US-East
207.0,31.0,49225.0,free,-22.761167746804247,11.0,medium,7.707664416145434,1,EU
238.0,40.0,35510.0,basic,104.8068282406648,6.0,medium,11.162017806853392,0,US-East
35.0,24.0,61689.0,basic,27.29233704130361,5.0,medium,6.487314375495684,2,EU
230.0,40.0,41455.0,basic,32.4107148803501,4.0,low,9.621546966653733,1,LATAM
54.0,44.0,28902.0,free,60.279420846145065,4.0,low,10.319380917562441,0,US-West
215.0,39.0,77368.0,pro,26.914688405698428,7.0,medium,8.10751155771475,1,EU
374.0,33.0,41552.0,pro,-9.229024128077818,2.0,medium,7.398026212770564,1,US-East
232.0,28.0,33247.0,free,36.20600262084669,7.0,low,8.02431513703795,1,US-West
427.0,36.0,48506.0,basic,117.35748512799287,7.0,medium,10.264882083143384,0,US-West
241.0,37.0,67258.0,basic,10.666818245164443,7.0,medium,5.508489045930737,0,US-West
361.0,31.0,47811.0,free,15.341200509077272,7.0,low,5.6297212826646135,1,US-East
142.0,35.0,103028.0,free,769.1623117676276,6.0,medium,7.979403170957418,0,EU
478.0,40.0,32471.0,pro,46.79112444741474,6.0,medium,6.599191978051589,1,LATAM
432.0,33.0,72943.0,basic,36.83446240505322,12.0,low,5.234233173170075,1,US-West
455.0,42.0,53536.0,free,32.70693738705691,5.0,low,4.38922624758878,1,US-East
191.0,36.0,34848.0,basic,152.39799223532674,3.0,low,7.559017510985763,1,US-West
427.0,41.0,41797.0,pro,4.071829176237468,7.0,low,5.017665561614862,0,EU
489.0,33.0,38705.0,free,-4.573306837660898,3.0,medium,4.020349461413939,0,US-West
406.0,38.0,29196.0,enterprise,80.97494278501898,3.0,high,,1,US-East
186.0,37.0,38626.0,free,101.05028618604902,7.0,low,5.556142326620966,2,APAC
167.0,40.0,28262.0,free,1.4660046380225857,8.0,low,2.419380917562442,0,EU
367.0,45.0,52067.0,free,-19.723035265488036,8.0,low,5.714436986945895,2,APAC
246.0,31.0,72074.0,basic,85.06093131417317,1.0,medium,10.977094895766422,1,LATAM
272.0,35.0,60653.0,free,28.87009990480267,9.0,medium,,0,EU
427.0,37.0,49578.0,enterprise,0.43016259312935645,11.0,medium,9.36795846095042,1,US-East
82.0,28.0,55571.0,free,-9.021722734848836,5.0,medium,4.560202180808382,1,EU
410.0,41.0,58856.0,free,204.75546114330402,8.0,low,10.319380917562441,0,US-East
131.0,41.0,65778.0,basic,105.192333598388,6.0,low,8.249538286703208,1,APAC
358.0,35.0,39980.0,free,52.61161019227339,4.0,low,7.512254524741428,1,US-East
285.0,39.0,81901.0,basic,29.901022681727795,4.0,low,10.28729077463591,0,US-West
384.0,33.0,43357.0,basic,4.7462588166617685,3.0,high,8.30975044171242,0,EU
490.0,32.0,86873.0,free,134.77799998225822,6.0,high,4.7699246866336615,2,LATAM
94.0,33.0,68466.0,basic,203.46129114403055,3.0,medium,10.145105144347996,2,APAC
358.0,32.0,93126.0,pro,-7.7050042462247035,3.0,high,5.563011812222836,1,US-East
213.0,29.0,35360.0,basic,25.386799860077634,4.0,high,6.673736723863541,1,LATAM
217.0,32.0,57881.0,free,54.84031524395545,4.0,high,8.566517545152742,0,US-West
292.0,28.0,49212.0,basic,34.86434530336234,3.0,low,5.93668265836941,3,US-East
322.0,38.0,47326.0,free,-39.44109577926375,5.0,low,8.177248203521318,3,LATAM
331.0,31.0,45852.0,enterprise,71.68156621746692,10.0,medium,8.00497464610977,2,APAC
328.0,28.0,104383.0,free,-4.575705992339163,2.0,medium,8.129091366297233,1,EU
476.0,32.0,55674.0,enterprise,43.68761152690135,7.0,low,5.810970400229538,1,EU
409.0,33.0,78765.0,basic,209.07930564646244,6.0,high,6.852955772215903,0,US-West
308.0,36.0,62992.0,enterprise,37.3164819370546,3.0,medium,6.41994220617295,1,US-East
154.0,37.0,51284.0,pro,-15.854606621194781,6.0,medium,8.530784727116298,0,EU
334.0,36.0,55862.0,free,116.01918625300831,10.0,medium,4.822278739515173,2,US-West
99.0,34.0,60285.0,free,59.52506687961526,5.0,medium,4.923507454965513,1,APAC
199.0,36.0,39200.0,pro,738.8478038136565,7.0,high,7.625270253069056,2,US-West
93.0,37.0,52924.0,basic,-0.5266393743217197,8.0,low,5.579636418031333,0,EU
177.0,43.0,46959.0,pro,200.85199194910015,6.0,low,8.647037116285908,0,LATAM
184.0,36.0,41873.0,basic,15.54736346166435,5.0,low,5.763013913252924,0,US-East
369.0,34.0,103038.0,free,-25.608483128646327,8.0,low,8.247570723050048,2,US-West
284.0,42.0,83883.0,pro,64.87141799312641,9.0,low,8.729309032892816,2,APAC
64.0,29.0,73148.0,free,-12.965642769937453,4.0,high,5.692196197936127,0,APAC
266.0,29.0,60702.0,pro,42.622861706846614,6.0,low,7.005619710410658,2,US-East
193.0,34.0,72649.0,basic,21.45020598236771,4.0,low,7.531684830249382,3,EU
69.0,29.0,49052.0,basic,-7.098726069833798,5.0,low,8.240831169573845,3,EU
272.0,45.0,41480.0,free,-27.876042952097297,9.0,medium,8.219485689497999,1,APAC
267.0,31.0,51868.0,free,14.824526769473966,2.0,low,9.423229391629777,1,EU
357.0,37.0,37281.0,basic,41.50615581058013,10.0,high,5.170197622715024,2,EU
280.0,37.0,46312.0,basic,13.98203874402617,7.0,low,6.227419934099387,2,EU
313.0,27.0,77104.0,free,-39.267355629328414,9.0,medium,6.470454338536092,2,US-West
257.0,45.0,41376.0,free,-10.636537821449611,9.0,low,,2,US-West
148.0,31.0,28081.0,enterprise,-5.196946440640797,6.0,medium,7.83717797093796,2,APAC
85.0,35.0,32384.0,free,10.377982824753015,1.0,medium,5.82680064577268,1,US-East
217.0,50.0,45549.0,basic,-7.445515212366907,3.0,high,7.53285377030476,0,US-West
168.0,30.0,53856.0,basic,105.908514745758,-1.0,low,7.041263067392027,1,US-West
247.0,35.0,48789.0,basic,278.2240627488565,7.0,low,7.059011048271911,1,US-East
100.0,34.0,70653.0,free,34.23516569116564,5.0,medium,10.531560623484,1,US-West
333.0,26.0,60557.0,basic,535.5081012270359,2.0,high,6.965682336760247,1,US-West
79.0,,48286.0,basic,8.492386566140148,3.0,low,9.330773206789974,0,US-East
5.0,36.0,55057.0,free,293.5489012933487,4.0,medium,6.820969268734501,1,US-East
131.0,37.0,63145.0,free,179.0670176001868,9.0,low,10.10342058525249,0,US-East
450.0,35.0,47548.0,free,-42.09176325195973,5.0,high,3.5892593013852188,2,EU
288.0,35.0,52733.0,enterprise,-14.036781944133942,10.0,low,7.374580362547267,0,US-East
362.0,51.0,73683.0,basic,17.828569330763383,7.0,low,10.557745338324846,0,US-East
274.0,38.0,52466.0,pro,37.8744622521284,5.0,low,8.013718552898345,1,EU
336.0,29.0,73533.0,basic,-6.799748035772783,5.0,medium,9.297832523826324,2,LATAM
176.0,45.0,62244.0,basic,69.59765538429075,5.0,low,5.258186790144739,4,US-East
413.0,30.0,63555.0,free,67.06330478926576,8.0,medium,7.336135720848505,1,APAC
143.0,35.0,26526.0,pro,60.760574003844695,6.0,low,7.221801129424906,1,US-West
207.0,27.0,130793.0,basic,125.66334723400531,6.0,low,7.543867800811812,1,APAC
208.0,29.0,89489.0,pro,121.25975761794486,3.0,medium,9.900327235486332,1,US-West
277.0,39.0,99542.0,basic,24.22904452131729,3.0,medium,5.026021408593928,0,EU
319.0,34.0,54666.0,free,75.36649290138506,5.0,low,8.78160997103647,3,US-West
298.0,35.0,21880.0,free,112.0473847567075,2.0,low,10.300378557711221,1,EU
84.0,34.0,105746.0,basic,19.601243701742135,6.0,low,10.160099617388434,2,US-West
134.0,28.0,66267.0,basic,15.885111270502719,8.0,low,5.722853676420957,1,EU
6.0,32.0,73921.0,enterprise,100.06581022837526,3.0,high,7.811155662564891,1,EU
505.0,32.0,80145.0,free,-3.735055438387157,1.0,medium,8.78915755212149,1,US-East
217.0,34.0,53695.0,basic,-3.2437545086037787,6.0,medium,9.160019787628844,0,APAC
-3.0,32.0,65271.0,enterprise,17.516376855058805,8.0,low,5.952264195582192,1,US-West
314.0,27.0,55521.0,basic,68.14806528986442,6.0,medium,9.163526971423739,3,US-West
253.0,27.0,97537.0,pro,146.05995746052167,6.0,high,5.420469574604676,1,EU
414.0,20.0,25860.0,free,31.523622269222003,7.0,medium,8.37163861614655,2,APAC
399.0,39.0,67565.0,free,-23.389419165237378,6.0,medium,9.049223323742787,3,US-East
285.0,41.0,46972.0,free,35.627557060985275,8.0,low,6.426095962835088,0,US-West
234.0,32.0,77185.0,basic,-2.8397897106693986,6.0,low,9.629440699241448,2,US-West
114.0,31.0,156523.0,basic,123.95215866811155,6.0,low,8.352303131375121,1,US-East
296.0,31.0,26991.0,pro,-14.569112997289158,5.0,medium,6.940002128999158,1,APAC
355.0,39.0,70002.0,pro,-11.573664674512191,9.0,medium,7.112440000926769,1,US-West
207.0,37.0,42417.0,free,75.71169705341511,5.0,low,10.494163071990817,1,US-East
434.0,39.0,31225.0,pro,6.478196703429209,4.0,high,7.3612241768225655,1,EU
113.0,27.0,37235.0,free,47.81079525441341,4.0,medium,10.356778469055623,0,US-East
0.0,32.0,75290.0,pro,151.73667517932438,8.0,medium,6.99321436788936,2,EU
142.0,35.0,72358.0,enterprise,437.2651889812072,3.0,low,8.383210600700417,1,US-West
204.0,41.0,32574.0,basic,6.449529037447579,9.0,low,8.417517818125665,1,EU
287.0,42.0,25902.0,basic,66.66507054269174,7.0,low,7.449602662018901,1,US-East
327.0,41.0,37040.0,free,34.63556096960158,5.0,low,8.282890873450526,0,EU
365.0,37.0,40986.0,basic,6.195065065314889,3.0,low,8.048234959576018,3,US-East
111.0,30.0,41325.0,pro,26.488025938236078,8.0,medium,4.161429163910519,1,LATAM
65.0,37.0,35560.0,free,6.970050990553251,3.0,medium,6.140490994618592,1,APAC
386.0,33.0,41311.0,basic,37.85611353580999,3.0,low,5.709590700411789,1,US-East
363.0,35.0,52579.0,basic,45.540180810009076,3.0,low,10.265560042277741,0,US-East
193.0,35.0,69513.0,pro,102.19791649479002,3.0,low,5.516686490686157,1,LATAM
405.0,42.0,64378.0,free,-34.41585156299154,8.0,medium,9.249471322411667,2,US-East
270.0,27.0,68675.0,pro,74.20361622409746,7.0,high,,2,US-West
9.0,48.0,44838.0,free,63.87212351615766,7.0,low,4.739940450854325,1,EU
220.0,33.0,55467.0,basic,26.988880273586464,6.0,low,7.755842663315505,3,US-East
184.0,37.0,42787.0,free,46.64214609682211,5.0,low,2.5866379684159964,0,EU
165.0,33.0,38125.0,enterprise,117.25360088874234,12.0,medium,10.618018679818638,2,EU
310.0,45.0,31533.0,free,-2.9964746131393376,4.0,medium,5.4749224786124255,2,APAC
373.0,28.0,120283.0,basic,144.44466311078793,2.0,high,5.551299447044217,1,EU
300.0,41.0,50593.0,free,-18.146855148285677,0.0,high,1.7554313321443735,0,APAC
335.0,46.0,39635.0,pro,39.50279872235906,7.0,low,6.776846528487154,3,US-West
217.0,43.0,69035.0,free,8.454668596893814,3.0,low,5.659200115831373,1,EU
310.0,34.0,64044.0,enterprise,132.34155214435216,5.0,low,4.142859027097425,3,LATAM
305.0,30.0,68421.0,enterprise,319.55265235124926,13.0,low,11.122130168833944,0,APAC
507.0,30.0,57391.0,basic,4.921438161421161,7.0,low,8.166752453605163,0,LATAM
357.0,38.0,34338.0,free,23.757416719062554,5.0,medium,10.531560623484,1,US-West
444.0,25.0,60956.0,enterprise,-10.825371177108154,5.0,low,10.119747955779806,1,US-East
357.0,28.0,25902.0,basic,51.31018996896433,6.0,low,7.006528569897695,1,APAC
408.0,27.0,46312.0,basic,0.8747442967671368,7.0,medium,9.238244071602438,0,EU
255.0,27.0,141161.0,basic,81.17613797592352,8.0,low,10.085395102428928,2,LATAM
281.0,28.0,42063.0,free,1.0128246712406757,6.0,medium,8.047374858816951,2,US-West
401.0,40.0,91499.0,free,62.13317936522443,6.0,low,8.69931267576287,2,EU
15.0,41.0,88159.0,basic,57.721643458792784,5.0,low,7.530530817131387,1,US-West
188.0,47.0,41439.0,free,138.4530613023241,10.0,low,2.436859999738438,2,US-East
357.0,35.0,68738.0,basic,55.12786778683951,5.0,high,5.65121622363708,0,US-East
-13.0,37.0,71543.0,enterprise,17.758933191381043,9.0,low,9.627744485799205,0,US-East
252.0,41.0,27707.0,basic,-6.288408498823549,13.0,low,8.308130526274024,0,US-West
247.0,44.0,32327.0,basic,72.18277750849681,3.0,low,7.0713019967170965,1,APAC
238.0,26.0,34353.0,pro,-19.0455394814306,5.0,medium,7.983898148374066,3,LATAM
223.0,42.0,26769.0,pro,69.26885445116397,9.0,medium,9.395474959489771,0,US-East
532.0,44.0,143493.0,basic,34.708340239474175,8.0,medium,10.624532081386137,1,APAC
113.0,31.0,45386.0,free,2.293740387066844,6.0,medium,,0,US-East
390.0,30.0,68981.0,free,-9.864464233003133,7.0,low,9.656616273580589,0,US-West
186.0,35.0,47246.0,basic,4.3803269637535465,5.0,low,7.294538300721705,2,US-West
189.0,30.0,70446.0,free,69.49636216243886,8.0,low,5.761432357402063,0,EU
283.0,37.0,125085.0,free,213.0514516359495,10.0,medium,6.078115033807711,2,US-East
232.0,40.0,35906.0,basic,182.40996136058283,9.0,low,6.5885295349267725,1,US-West
280.0,30.0,203680.0,free,322.3956128654044,3.0,low,5.839143303484056,1,US-West
350.0,30.0,52336.0,basic,42.690685756101466,-2.0,medium,6.60449228708835,1,US-West
464.0,27.0,61893.0,free,35.22216525972228,7.0,low,9.195773217010796,0,APAC
390.0,36.0,49822.0,basic,65.21843198065272,5.0,low,8.999977760775781,0,US-West
278.0,34.0,95953.0,basic,23.33210933542997,6.0,low,6.88192732490711,1,US-East
202.0,32.0,76497.0,free,10.746903979773489,8.0,high,5.07446991443847,1,US-East
342.0,46.0,84357.0,basic,33.74177801365781,5.0,low,10.555042429272275,1,EU
66.0,33.0,59891.0,basic,45.69375072644935,6.0,medium,4.243305548132657,0,US-East
465.0,30.0,74703.0,enterprise,-6.861791471297323,4.0,low,7.175870391414117,1,US-East
363.0,36.0,89104.0,pro,56.56356108383671,6.0,low,7.516378025292285,2,US-East
321.0,40.0,105243.0,free,67.15969743411327,7.0,low,4.308907173763497,0,US-West
250.0,33.0,37164.0,pro,19.258658494429195,3.0,low,7.706755587671806,4,US-East
167.0,26.0,51605.0,basic,33.508154191342754,10.0,low,8.768359325794654,2,EU
509.0,35.0,48229.0,pro,19.499698055520163,3.0,low,4.039566458490707,1,APAC
83.0,34.0,29520.0,pro,22.54924896930153,2.0,medium,8.58390206424568,1,US-East
261.0,30.0,37861.0,free,68.74191000460013,6.0,low,8.839906976929333,2,US-West
427.0,38.0,79715.0,free,76.14085470015013,9.0,low,2.594163071990817,1,US-East
154.0,28.0,38597.0,enterprise,52.19762589393035,3.0,low,9.449559287118335,1,US-West
54.0,36.0,32256.0,pro,39.32462925300241,8.0,low,4.598000013153265,0,US-East
390.0,32.0,95808.0,free,-9.13971127931098,3.0,high,4.1685143315990185,1,US-East
288.0,27.0,71568.0,free,294.5010716421216,10.0,medium,9.201855416426783,1,EU
392.0,23.0,48800.0,basic,35.71787583150052,8.0,low,,0,LATAM
453.0,24.0,65174.0,free,-37.744474276975374,4.0,high,5.2299355590131515,2,EU
45.0,40.0,44072.0,free,3.2516629431635558,2.0,medium,10.333598637530699,0,LATAM
388.0,31.0,76384.0,enterprise,98.77568284875241,7.0,low,8.162645154832754,1,LATAM
173.0,29.0,49686.0,basic,147.40988254063677,2.0,low,7.369285174046864,1,US-West
314.0,40.0,77200.0,basic,-13.375906906298972,6.0,medium,6.468104891302122,1,EU
227.0,28.0,52191.0,basic,117.60888280861143,3.0,low,8.498068639810041,1,APAC
79.0,36.0,42659.0,free,-2.119494902439495,3.0,low,7.732097646093795,1,US-West
65.0,29.0,75487.0,basic,88.38353637200184,2.0,low,3.908387782293684,1,US-West
152.0,34.0,107779.0,enterprise,-16.709471038439357,6.0,low,5.163491722586388,1,LATAM
194.0,32.0,72056.0,enterprise,212.03627568427436,4.0,low,6.752149948432924,1,US-East
253.0,22.0,42155.0,basic,184.75827287464776,10.0,low,9.318516374917454,3,US-West
340.0,32.0,54305.0,pro,-2.0508971327321763,7.0,low,5.091040835735642,1,LATAM
182.0,29.0,62787.0,basic,40.617970086727496,7.0,low,10.1175832383215,2,US-East
159.0,35.0,51437.0,enterprise,-13.634985473301814,8.0,low,10.351520972283542,3,US-East
154.0,28.0,50843.0,pro,10.334271725968733,8.0,low,4.493382256858881,1,US-West
313.0,44.0,43587.0,pro,-5.656758045328754,5.0,medium,,0,US-East
249.0,25.0,76056.0,free,-29.47177218844045,7.0,medium,8.423891488111515,3,EU
130.0,37.0,48204.0,free,-40.09983897377948,7.0,medium,4.877444647927946,3,EU
394.0,26.0,112719.0,basic,185.17334711582404,7.0,medium,8.668002807281589,0,APAC
91.0,34.0,65483.0,enterprise,-6.33389685763964,4.0,medium,,0,LATAM
241.0,59.0,38974.0,enterprise,-19.167623700491937,7.0,medium,6.94586633960087,3,US-East
483.0,35.0,49206.0,basic,150.38262244376602,7.0,medium,7.557853829619704,2,EU
291.0,28.0,45110.0,free,53.53082902097737,13.0,high,5.927449606778124,2,APAC
357.0,37.0,23741.0,free,-2.5778369895110664,9.0,low,3.6891871512044334,2,EU
60.0,39.0,66812.0,basic,164.57416988132863,8.0,medium,7.395325784738783,0,US-East
430.0,44.0,64460.0,free,-2.610030472216426,4.0,medium,5.596623985001884,0,EU
218.0,31.0,68131.0,free,51.94953771442011,4.0,low,4.418736271840711,0,US-East
394.0,37.0,59755.0,pro,174.71585895281578,5.0,low,2.51205482776751,2,LATAM
252.0,38.0,48428.0,free,217.0613322911209,11.0,medium,5.123076975928019,2,LATAM
253.0,38.0,60245.0,free,146.8642315166967,2.0,low,,1,EU
372.0,42.0,74298.0,basic,24.459232205526177,3.0,medium,11.179496889029389,2,US-West
406.0,34.0,68630.0,basic,113.29871337139787,4.0,high,,0,US-East
259.0,39.0,69630.0,free,145.04219441864225,8.0,medium,10.356778469055623,0,APAC
269.0,45.0,41639.0,basic,100.54992555039291,10.0,low,7.476264391884561,2,APAC
213.0,38.0,96132.0,basic,-10.544269799628871,5.0,low,,2,US-West
288.0,50.0,64900.0,enterprise,2.6116293622669637,4.0,medium,7.724408387658164,1,EU
224.0,25.0,84242.0,free,36.39939468825766,9.0,medium,6.056233304205268,2,US-East
219.0,30.0,65985.0,free,-3.0328406932219067,0.0,low,8.239805280355634,1,LATAM
290.0,42.0,29922.0,free,75.27204166628061,11.0,low,7.952551361770288,2,US-East
355.0,32.0,81699.0,free,66.9639466947153,3.0,low,3.5596773394710985,0,EU
208.0,33.0,33754.0,basic,-20.102383611863324,5.0,medium,,2,EU
498.0,34.0,29354.0,enterprise,-2.3591832953596956,3.0,low,7.789648870394567,2,EU
296.0,34.0,70581.0,enterprise,582.1715025575836,6.0,medium,6.787816240928644,3,EU
363.0,41.0,47327.0,basic,9.65471807459327,7.0,low,8.406461344834621,0,LATAM
332.0,34.0,68263.0,free,125.683448892792,7.0,low,7.460644949327077,0,US-West
15.0,28.0,80993.0,basic,148.1427420934525,4.0,high,7.25234467119782,1,US-East
21.0,33.0,40331.0,basic,134.64918567545635,3.0,medium,4.997939250554895,1,US-East
191.0,36.0,39553.0,free,35.54948390867094,6.0,low,8.311449723152819,0,US-East
281.0,29.0,46938.0,pro,82.01484810734685,6.0,low,8.203499716269897,1,US-West
289.0,41.0,74191.0,basic,12.414187465917053,6.0,low,7.287505779060941,0,US-East
107.0,34.0,38428.0,basic,86.26408393174667,0.0,medium,8.858981011975304,1,APAC
118.0,40.0,32993.0,pro,7.618910388348187,4.0,low,6.345887834268,1,US-West
479.0,46.0,57251.0,pro,-13.952415340782984,8.0,low,4.309727673825356,3,APAC
30.0,36.0,75196.0,enterprise,-6.019958490297846,8.0,low,7.375301414680214,1,EU
256.0,26.0,103949.0,free,102.48232787681377,2.0,high,4.835669030240911,2,LATAM
500.0,25.0,40788.0,free,-3.7854209806656947,10.0,low,4.31054800014166,2,APAC
71.0,37.0,43080.0,free,206.89574520558293,7.0,low,5.724977508750364,0,US-East
252.0,31.0,63192.0,enterprise,152.28839873858658,6.0,medium,6.397574394027773,1,EU
210.0,28.0,74496.0,free,67.12178845149684,4.0,medium,,1,APAC
241.0,29.0,96593.0,enterprise,238.78744017014725,11.0,low,6.307132420080597,2,US-West
98.0,38.0,33944.0,basic,254.93227438942498,5.0,medium,5.841920527393025,0,EU
176.0,37.0,76573.0,free,100.05512943216429,3.0,medium,7.843392391869919,1,US-East
400.0,44.0,96999.0,pro,58.5945730412368,6.0,low,5.188003167495111,1,EU
400.0,37.0,70061.0,basic,88.10014715258588,9.0,medium,9.593151400642697,3,EU
206.0,31.0,62420.0,free,175.98397066339191,3.0,medium,6.652963927319245,1,US-West
266.0,33.0,52079.0,free,5.2480093606447475,8.0,medium,8.490927108082493,1,US-East
379.0,38.0,110261.0,pro,113.64968692151524,5.0,low,4.5688539788022515,0,LATAM
104.0,37.0,64899.0,pro,69.95894104237388,7.0,medium,4.36667203269553,0,US-West
192.0,38.0,43852.0,free,-6.923337304500453,6.0,medium,4.454545166337272,1,US-West
477.0,33.0,59843.0,pro,9.640753670896935,3.0,low,8.343135939069336,1,US-East
328.0,27.0,81119.0,free,-14.827805305097986,4.0,medium,5.446893001050302,2,APAC
486.0,34.0,92904.0,basic,57.61864908747795,6.0,low,8.435387814028735,1,US-West
366.0,29.0,65407.0,enterprise,26.18392524355519,5.0,high,8.720990696822652,1,US-West
132.0,39.0,87156.0,basic,150.22481754954347,1.0,medium,6.7336778179617145,0,APAC
316.0,40.0,45712.0,basic,12.677955627530316,9.0,low,4.357263166733603,2,US-East
3.0,39.0,47778.0,pro,15.266475222798924,4.0,medium,5.650017155110266,1,US-East
164.0,27.0,35352.0,free,217.5798105400832,9.0,low,8.468505523512617,1,US-West
322.0,46.0,47339.0,basic,37.27822489466098,5.0,medium,6.446334998048831,1,EU
249.0,28.0,68754.0,enterprise,-13.341300153964365,10.0,medium,9.858260267260475,2,US-East
55.0,27.0,42146.0,basic,-2.765859377766226,5.0,medium,9.306610474612325,1,EU
91.0,35.0,46329.0,basic,-21.14728213985161,5.0,medium,7.463364557637314,2,US-West
338.0,42.0,52508.0,enterprise,26.577618853297757,9.0,medium,11.334309874755503,1,EU
516.0,43.0,86203.0,basic,-1.6205302286144558,3.0,medium,7.496250164131206,0,EU
64.0,43.0,29412.0,pro,10.373964384539274,1.0,low,9.86292968399315,1,US-East
-6.0,28.0,56434.0,enterprise,-25.738971959843266,11.0,medium,3.8939296626330786,2,US-East
64.0,47.0,45077.0,basic,-9.018868823650612,1.0,medium,9.866571755820626,4,US-East
48.0,35.0,42598.0,basic,62.83727962371099,9.0,high,6.589826810188367,0,US-East
158.0,44.0,50599.0,free,336.53909165734825,4.0,medium,7.662023635146259,0,APAC
251.0,25.0,48759.0,basic,-0.5861063515798506,6.0,high,,1,US-West
177.0,38.0,48177.0,pro,20.608908103553425,7.0,low,3.0147148627689084,2,US-West
396.0,33.0,39396.0,free,69.26395703025557,8.0,low,6.907775835653679,0,APAC
348.0,55.0,57542.0,free,18.837803604450762,7.0,medium,4.226389742613211,1,LATAM
64.0,35.0,46900.0,free,55.065355688754245,10.0,low,6.62991907641395,2,US-West
160.0,44.0,38989.0,basic,20.727734028679144,8.0,low,5.318075462621372,0,US-West
239.0,35.0,62936.0,free,124.95554889213649,7.0,low,5.780792745259823,3,EU
40.0,39.0,72097.0,basic,64.89253304297225,2.0,low,8.98142116582433,0,EU
262.0,35.0,23430.0,pro,3.4798541152472175,7.0,medium,6.397149805639567,3,US-West
295.0,40.0,69117.0,pro,105.50064339650788,8.0,medium,4.341380585125027,2,EU
351.0,36.0,50940.0,pro,75.83790457170014,5.0,low,7.883090309508077,1,US-East
112.0,43.0,26628.0,pro,5.387143802300265,5.0,medium,4.0745776919755174,0,APAC
170.0,25.0,51081.0,pro,72.26431172640366,12.0,low,8.694609875759058,2,EU
302.0,33.0,30587.0,free,15.352467583772754,3.0,low,7.731077863222271,1,APAC
112.0,29.0,71587.0,basic,-11.70959532707885,6.0,medium,7.413925230621045,1,EU
15.0,26.0,112025.0,free,53.47429770345016,5.0,low,7.708223054304154,3,EU
239.0,36.0,41045.0,basic,104.80532137999577,6.0,medium,6.350933316344611,0,US-East
343.0,22.0,50759.0,free,-27.087048396832923,6.0,low,10.759105176282112,3,US-West
394.0,48.0,74116.0,basic,142.96863615407875,3.0,high,9.209211809788547,1,APAC
138.0,35.0,52510.0,free,-11.255764318164797,8.0,medium,6.665199722395178,0,US-West
121.0,26.0,77450.0,pro,34.93956664883647,11.0,low,4.7109637608198085,0,EU
149.0,37.0,92770.0,free,158.05358969602258,8.0,medium,10.06969657654227,3,LATAM
215.0,33.0,60113.0,free,64.51027778859446,6.0,low,8.444749361883373,2,US-West
315.0,23.0,38738.0,free,87.00239566982995,4.0,low,4.667536724744345,0,US-East
46.0,48.0,63539.0,free,-22.62123255189025,4.0,low,10.273153632875877,2,US-West
296.0,36.0,42554.0,free,105.16682290213015,8.0,low,7.155024831405401,2,US-West
165.0,34.0,77796.0,basic,23.67838116847811,2.0,medium,5.2517437253226085,1,US-East
295.0,39.0,54567.0,free,-20.02532223498322,7.0,medium,3.984669273092498,0,LATAM
190.0,26.0,65975.0,basic,40.04719242339778,7.0,medium,11.336799961281768,1,US-West
397.0,28.0,61829.0,basic,41.145354030611635,0.0,high,7.509976168645137,2,LATAM
416.0,45.0,134480.0,enterprise,-35.702538325698455,7.0,high,3.9746122361224665,1,EU
329.0,35.0,30598.0,basic,2.183226553711897,7.0,low,,2,US-West
286.0,41.0,71589.0,basic,65.59727411443117,5.0,medium,4.691059703006464,0,US-East
328.0,26.0,58835.0,free,120.60760445907611,10.0,low,9.11941773364126,3,US-West
348.0,30.0,76582.0,free,5.621622775887932,5.0,medium,3.4568969712862754,1,US-East
193.0,38.0,45914.0,basic,15.976042185021313,6.0,low,6.736487475418074,0,US-West
250.0,35.0,35430.0,free,142.59779560552934,12.0,medium,7.443552385857457,0,EU
25.0,38.0,54474.0,pro,25.908355798360233,1.0,low,7.63905513202344,1,EU
397.0,39.0,168477.0,basic,39.138376507202565,8.0,medium,9.790425307219358,0,US-East
381.0,34.0,46139.0,free,-8.698161753298535,8.0,low,8.470910420522491,1,EU
73.0,29.0,44460.0,pro,24.484664814294085,-1.0,low,9.86292968399315,1,US-West
470.0,38.0,29419.0,pro,75.1190167361527,7.0,medium,5.950957718847178,0,US-East
148.0,29.0,48287.0,free,42.34004129739083,5.0,medium,5.835286736915766,1,US-East
276.0,34.0,53300.0,pro,70.02763133994736,3.0,low,5.975017116307776,0,US-West
304.0,35.0,47665.0,basic,165.69826553512502,5.0,high,5.0043855549630925,0,EU
355.0,39.0,54684.0,free,-20.13777754026233,6.0,low,10.216391591117095,3,US-East
138.0,26.0,70933.0,free,26.124816304394717,8.0,low,8.101485434587982,1,EU
217.0,28.0,47953.0,pro,112.07461932620609,3.0,high,4.462789728150211,2,US-East
97.0,48.0,22647.0,free,-30.38100885242528,9.0,medium,8.277406160010836,1,APAC
223.0,37.0,54821.0,pro,22.82251963140024,5.0,medium,7.815849803591726,0,US-West
347.0,22.0,59396.0,basic,68.39108026542627,4.0,low,8.856042928022047,1,APAC
508.0,39.0,102080.0,basic,7.641616094455621,1.0,medium,8.194413829418906,0,US-East
240.0,35.0,39051.0,basic,48.453055654790916,12.0,medium,6.173083486755681,2,EU
436.0,29.0,142173.0,basic,25.475647154014858,8.0,medium,8.531405285346263,0,US-West
190.0,31.0,48756.0,basic,12.051322802491825,9.0,low,10.003184854176132,2,EU
267.0,50.0,77594.0,pro,51.40667312884998,6.0,high,8.625446285712307,0,US-West
131.0,33.0,42795.0,enterprise,72.27411322462345,4.0,high,2.159428924981479,0,LATAM
125.0,22.0,44629.0,free,280.33427803169906,3.0,medium,7.98240871341002,3,EU
346.0,34.0,76866.0,free,-9.2940573022464,10.0,low,8.08844016238952,3,US-West
191.0,34.0,59916.0,free,91.88806372609028,7.0,medium,7.506359509584992,0,EU
41.0,32.0,55295.0,pro,16.263224069694694,12.0,low,7.099535252240468,2,EU
352.0,38.0,48527.0,free,6.233719570368596,10.0,high,8.735471715624945,2,US-East
188.0,35.0,24164.0,free,-13.56817702674244,6.0,low,2.6061097840048837,1,US-East
224.0,32.0,45732.0,enterprise,-13.131101681027655,10.0,low,7.30225758141682,2,EU
39.0,51.0,45252.0,pro,-22.367652065975577,4.0,medium,4.819433467183359,1,US-West
223.0,45.0,46430.0,enterprise,0.30168693840673555,5.0,low,7.076458840781385,0,US-West
209.0,24.0,77898.0,free,15.170055887372339,6.0,low,9.885080250163782,3,US-West
374.0,28.0,49670.0,basic,38.10565180330702,8.0,low,6.750144334506107,0,APAC
188.0,31.0,40916.0,enterprise,1.278031867888643,4.0,high,8.047911968188417,1,US-West
231.0,30.0,45618.0,basic,2.8323553790280798,4.0,low,9.96154766577216,2,US-East
391.0,32.0,71460.0,basic,64.85839277674063,8.0,medium,10.345984960899983,0,EU
52.0,49.0,88552.0,free,63.11011430197657,7.0,low,6.192486457701648,2,APAC
218.0,35.0,61772.0,free,136.33379117886895,7.0,medium,8.480725521632678,0,US-West
268.0,45.0,47806.0,basic,0.08435789270354732,3.0,medium,5.470645458489249,1,EU
89.0,42.0,53093.0,free,138.7742216960238,5.0,low,7.801422357432427,1,APAC
223.0,40.0,90180.0,basic,54.05640868682086,9.0,medium,9.962016931498608,2,US-East
268.0,30.0,54505.0,pro,110.97153073369229,5.0,low,7.225518564202871,3,EU
272.0,25.0,48129.0,free,-12.84655671757433,4.0,medium,10.796502727775295,3,EU
292.0,48.0,43872.0,pro,324.61953529803515,11.0,medium,6.0429788994869265,0,US-East
145.0,35.0,74159.0,free,54.66149233354435,9.0,medium,6.457633761405631,1,US-West
348.0,43.0,33876.0,basic,100.55455157253643,3.0,medium,5.739702139182016,1,US-East
422.0,40.0,74169.0,free,506.69788113907106,10.0,low,9.363191042328253,0,US-West
188.0,32.0,47942.0,free,128.43281089314576,0.0,medium,10.531560623484,1,US-East
73.0,42.0,41402.0,free,-36.62130464198967,4.0,medium,7.169532775001359,2,EU
179.0,32.0,76383.0,basic,37.349989718505896,7.0,medium,6.568007850789915,0,APAC
115.0,23.0,50398.0,basic,19.734185617825034,9.0,low,11.142099337536207,2,APAC
358.0,22.0,67936.0,free,10.851131911772878,9.0,medium,8.424511166747882,1,APAC
281.0,34.0,75216.0,basic,179.88597885744068,9.0,medium,7.510375745786003,0,US-East
259.0,48.0,75800.0,pro,69.99672300051462,4.0,low,5.580921430165814,1,US-East
276.0,38.0,60730.0,basic,5.876609563727364,10.0,low,10.301445356642636,1,US-East
257.0,32.0,52525.0,basic,402.9916630722518,11.0,high,7.261550713768116,2,US-West
164.0,45.0,65264.0,basic,-3.1430207446479237,0.0,high,5.483835867074797,1,LATAM
395.0,31.0,120107.0,free,147.98219784173205,4.0,medium,6.825696657634802,1,US-East
475.0,27.0,108073.0,basic,182.92456009931476,6.0,medium,7.057371500268648,1,APAC
157.0,41.0,48782.0,enterprise,-24.981674756139267,7.0,high,10.059428924981479,0,US-West
438.0,38.0,64985.0,pro,-12.895360922355993,7.0,medium,8.665062301118802,0,US-East
343.0,30.0,83739.0,pro,206.72828585086756,6.0,low,5.646113444215853,1,US-West
248.0,32.0,117768.0,pro,158.15003032357586,7.0,high,7.752651005480297,2,US-East
362.0,35.0,23431.0,free,248.62686889793977,8.0,medium,,3,US-East
298.0,31.0,87331.0,pro,611.7816141757313,2.0,medium,7.412906418649749,1,LATAM
186.0,32.0,42674.0,free,-11.1624022333364,0.0,low,6.409677535912289,1,US-East
210.0,32.0,42152.0,basic,41.84706359928404,10.0,low,6.226087627354136,2,APAC
485.0,41.0,58601.0,basic,76.38776145544654,6.0,medium,5.526389272382096,0,US-East
263.0,37.0,32859.0,free,235.95718467086925,4.0,high,5.684950815417244,1,US-East
215.0,31.0,71440.0,basic,120.31256536311808,5.0,low,11.397091298097099,3,EU
188.0,31.0,50495.0,basic,15.324543076851725,4.0,low,8.898344753894639,1,EU
189.0,30.0,51891.0,basic,28.58886909604304,5.0,low,7.494468738633174,2,EU
273.0,34.0,43852.0,free,60.488691681094565,7.0,low,4.193509309532001,1,APAC
434.0,34.0,49144.0,free,38.15783948335122,4.0,high,3.05687239493673,0,US-East
164.0,38.0,40901.0,basic,-8.953128597053261,6.0,low,11.564344514079881,3,US-West
202.0,41.0,33205.0,pro,-4.613061555273642,8.0,high,2.287388581522185,0,US-West
262.0,28.0,41034.0,pro,123.84463519465449,5.0,low,9.259734291255215,1,US-East
390.0,38.0,83158.0,free,64.30660878775036,9.0,medium,5.9627394020973785,1,US-West
194.0,37.0,39485.0,basic,157.35442581097934,8.0,medium,10.740841828100741,0,EU
146.0,36.0,85334.0,basic,39.88582632216428,7.0,low,8.810061488603623,0,US-West
415.0,52.0,41961.0,basic,78.62856000269372,8.0,low,6.641478395227299,0,APAC
28.0,37.0,65485.0,basic,108.14508892581269,2.0,low,5.91626703829243,1,APAC
220.0,43.0,30743.0,free,30.82734536481542,7.0,low,7.2987742372673425,0,US-East
322.0,49.0,34921.0,free,21.7656869625783,8.0,medium,9.182691390791433,0,US-East
232.0,32.0,44821.0,basic,4.554056697470692,5.0,medium,10.287520250528225,0,US-East
328.0,32.0,50892.0,basic,-13.291396249094184,2.0,medium,6.824747858595028,1,LATAM
338.0,33.0,38858.0,free,-9.257940001011843,3.0,low,7.717463868526688,0,US-East
247.0,31.0,53220.0,free,42.668533567946994,6.0,low,10.141989195111966,1,US-East
318.0,25.0,46714.0,free,20.261360014463545,1.0,low,6.711788752576064,1,US-West
126.0,20.0,55615.0,free,-14.11216247038373,1.0,medium,9.166586657783531,1,APAC
91.0,35.0,29733.0,free,139.11720865641092,8.0,low,10.35154366239948,1,US-East
224.0,47.0,36463.0,pro,8.111286433221245,7.0,medium,6.446162009903762,2,US-East
